Workbook

Sheet Hoja1
A1: y | B1: x | D1: x^2 | E1: y^2
A2: -4.5943067e-15 | B2: 1.0504726e-14 | D2: =(A2)^2 -> 2.1107654e-29 | E2: =(B2)^2 -> 1.1034928e-28
A3: -2.3917715 | B3: -57.402515 | D3: =(A3)^2 -> 5.7205707 | E3: =(B3)^2 -> 3295.0487
A4: -6.6291261 | B4: -103.85631 | D4: =(A4)^2 -> 43.945313 | E4: =(B4)^2 -> 10786.133
A5: -11.548494 | B5: -132.80768 | D5: =(A5)^2 -> 133.36772 | E5: =(B5)^2 -> 17637.881
A6: -15.625 | B6: -140.625 | D6: =(A6)^2 -> 244.14063 | E6: =(B6)^2 -> 19775.391
A7: -17.322741 | B7: -127.03344 | D7: =(A7)^2 -> 300.07736 | E7: =(B7)^2 -> 16137.494
A8: -15.467961 | B8: -95.017474 | D8: =(A8)^2 -> 239.25781 | E8: =(B8)^2 -> 9028.3203
A9: -9.5670858 | B9: -50.2272 | D9: =(A9)^2 -> 91.529131 | E9: =(B9)^2 -> 2522.7717
A10: 1.7916983e-14 | B10: -2.8145834e-14 | D10: =(A10)^2 -> 3.2101828e-28 | E10: =(B10)^2 -> 7.9218798e-28
A11: 11.958857 | B11: 47.835429 | D11: =(A11)^2 -> 143.01427 | E11: =(B11)^2 -> 2288.2283
A12: 24.306796 | B12: 86.178639 | D12: =(A12)^2 -> 590.82031 | E12: =(B12)^2 -> 7426.7578
A13: 34.645482 | B13: 109.71069 | D13: =(A13)^2 -> 1200.3095 | E13: =(B13)^2 -> 12036.436
... A50: 1.0504726e-14 | B50: 0 | D50: =(A50)^2 -> 1.1034928e-28 | E50: =(B50)^2 -> 0
D51: =SUM(D18:D50) -> 182982.15 | E51: =SUM(E18:E50) -> 57982.154 | G51: =SQRT(D51*E51) -> 103003.4

Sheet Hoja2
A1: m | B1: r[x,y]
A2: -48 | B2: -4.5943067e-15
A3: -47 | B3: -2.3917715
A4: -46 | B4: -6.6291261
A5: -45 | B5: -11.548494
A6: -44 | B6: -15.625
A7: -43 | B7: -17.322741
A8: -42 | B8: -15.467961
A9: -41 | B9: -9.5670858
A10: -40 | B10: 1.7916983e-14
A11: -39 | B11: 11.958857
A12: -38 | B12: 24.306796
A13: -37 | B13: 34.645482
... A98: 48 | B98: 0

Sheet Hoja3
A1: m | B1: r[x,y] | C1: coeffR(r)
A2: -48 | B2: -4.5943067e-15 | C2: =B2/Hoja1!$G$51 -> -4.4603449e-20
A3: -47 | B3: -2.3917715 | C3: =B3/Hoja1!$G$51 -> -2.3220317e-05
A4: -46 | B4: -6.6291261 | C4: =B4/Hoja1!$G$51 -> -6.4358326e-05
A5: -45 | B5: -11.548494 | C5: =B5/Hoja1!$G$51 -> -0.00011211761
A6: -44 | B6: -15.625 | C6: =B6/Hoja1!$G$51 -> -0.00015169403
A7: -43 | B7: -17.322741 | C7: =B7/Hoja1!$G$51 -> -0.00016817641
A8: -42 | B8: -15.467961 | C8: =B8/Hoja1!$G$51 -> -0.00015016943
A9: -41 | B9: -9.5670858 | C9: =B9/Hoja1!$G$51 -> -9.2881266e-05
A10: -40 | B10: 1.7916983e-14 | C10: =B10/Hoja1!$G$51 -> 1.7394556e-19
A11: -39 | B11: 11.958857 | C11: =B11/Hoja1!$G$51 -> 0.00011610158
A12: -38 | B12: 24.306796 | C12: =B12/Hoja1!$G$51 -> 0.00023598053
A13: -37 | B13: 34.645482 | C13: =B13/Hoja1!$G$51 -> 0.00033635282
... A98: 48 | B98: 0 | C98: =B98/Hoja1!$G$51 -> 0
